epoch,dice_coef,loss,val_dice_coef,val_loss
0,0.25773078879136563,1635095.3953715106,0.36169071949301157,570341.3544327111
