epoch,acc,loss,precision,val_acc,val_loss,val_precision
0,0.371211449845,-13.1410948837,0.376909783769,0.315555841473,-13.0972892557,0.321461657222
