epoch,dice_coef,loss,val_dice_coef,val_loss
0,0.27412116981405427,1796774.5080199116,0.2362724242629398,2877154.125
