epoch,acc,loss,precision,val_acc,val_loss,val_precision
0,0.55935541639,7.02492544213,0.559355416208,0.553822630225,7.11313133298,0.553822630225
1,0.55935541624,7.02492547774,0.55935541624,0.553822630225,7.11313127699,0.553822630225
2,0.559355416347,7.0249254715,0.559355416256,0.553822630225,7.11313127699,0.553822630225
