epoch,acc,loss,precision,val_acc,val_loss,val_precision
0,0.247474299883,-11.2945246893,0.253203651177,0.210370561264,-11.7865347642,0.216366443567
