epoch,acc,loss,precision,val_acc,val_loss,val_precision
0,0.577041990739,6.74295927506,0.577041990739,0.57536218425,6.76973926295,0.57536218425
1,0.57704199064,6.74295928115,0.57704199064,0.57536218425,6.76973927428,0.57536218425
