epoch,dice_coef,loss,val_dice_coef,val_loss
0,0.04685458403242671,2208.7514807659645,0.014025492922714324,788.464919072209
1,0.02128306460445342,1023.3385527237602,0.017255193071168514,922.6737176324382
