epoch;loss;val_loss
0;38017.0976562;7998.63072721
