epoch,acc,loss,precision,val_acc,val_loss,val_precision
0,0.560340197084,6.96365314627,0.558560219031,0.565443425004,6.92786806118,0.565443425004
1,0.562444046559,6.97568532454,0.562444046559,0.565443425004,6.92786808831,0.565443425004
2,0.562444046596,6.97568535006,0.562444046596,0.565443425004,6.92786805097,0.565443425004
3,0.562444046767,6.97568535604,0.562444046585,0.565443425004,6.92786805272,0.565443425004
4,0.562444046628,6.97568530772,0.562444046628,0.565443425004,6.92786809851,0.565443425004
5,0.562444046564,6.97568538294,0.562444046564,0.565443425004,6.92786806964,0.565443425004
6,0.562444046543,6.97568534571,0.562444046543,0.565443425004,6.92786812564,0.565443425004
7,0.562444046617,6.97568532863,0.562444046617,0.565443425004,6.92786810697,0.565443425004
8,0.562444046671,6.97568535083,0.562444046489,0.565443425004,6.92786813584,0.565443425004
