epoch,dice_coef,loss,val_dice_coef,val_loss
0,0.11312389091952987,84.52621096735415,0.07741205417903874,86.5220714374022
0,0.12036181791968968,85.82134080969769,0.07932653284462338,99.18634476806179
1,0.11268854562355124,89.25016154413638,0.07923812079102252,99.2062073584759
