epoch,dice_coef,loss,val_dice_coef,val_loss
0,0.12035553546055504,49.49874380360479,0.07933400089457406,56.82443425510869
