epoch;loss;val_loss
0;8006.77587891;30669.8670406
