epoch,dice_coef,loss,val_dice_coef,val_loss
0,0.13680523759232158,0.43270810849547037,0.1579512047555742,0.4210243985193585
