epoch,acc,loss,precision,val_acc,val_loss,val_precision
0,0.561593554088,6.98924420877,0.561593554088,0.560856269405,7.00099829344,0.560856269405
1,0.561593554291,6.98924419827,0.56159355411,0.560856269405,7.00099834944,0.560856269405
2,0.561593554344,6.98924420407,0.561593554163,0.560856269405,7.0009983579,0.560856269405
3,0.561593554334,6.98924421551,0.561593554152,0.560856269405,7.00099829344,0.560856269405
