epoch,acc,loss,precision,val_acc,val_loss,val_precision
0,0.430298248383,6.83097623488,0.43240813238,0.133568026525,13.3937094415,0.263396432918
