epoch,dice_coef,loss,val_dice_coef,val_loss
0,0.21798964455399825,1424.5598669964334,0.10201272260394145,391.7846728238192
