epoch,acc,loss,precision,val_acc,val_loss,val_precision
0,0.507892082877,-8.11481706126,0.477400410583,0.393236521327,-3.49368454455,0.397354372028
1,0.472379201909,-8.72522485533,0.457921136864,0.393236521327,-3.65980334585,0.397354372028
