epoch,acc,loss,precision,val_acc,val_loss,val_precision
0,0.448701880351,8.81631961027,0.448770556764,0.439143732382,9.03993483669,0.439143730577
1,0.447358997576,8.90752049517,0.447358997143,0.439143732382,9.03993491135,0.439143730577
2,0.447358997362,8.9075203753,0.447358997362,0.439143732382,9.03993506067,0.439143730577
3,0.44735899725,8.90752050593,0.44735899725,0.439143730577,9.03993483669,0.439143730577
4,0.447358997848,8.90752049397,0.447358997416,0.439143732382,9.03993491135,0.439143730577
