epoch,acc,loss,precision,val_acc,val_loss,val_precision
0,0.474703119465,-14.0698632871,0.426639089165,0.615671641809,-4.56108695014,0.373036845689
