epoch,acc,loss,precision,val_acc,val_loss,val_precision
0,0.981958371345,0.289027187693,0.980545555676,0.986791744841,0.212892042065,0.986791744841
1,0.982360984503,0.284307468086,0.982360984503,0.986791744841,0.21289204321,0.986791744841
2,0.982360984503,0.284307466811,0.982360984503,0.986791744841,0.212892042638,0.986791744841
