epoch,acc,loss,precision,val_acc,val_loss,val_precision
0,0.443330349256,8.92848379055,0.00675075534421,0.431498470912,9.16316184823,0.0
1,0.441718889985,8.99842834199,0.0,0.431498470912,9.16316201621,0.0
2,0.4417188899,8.99842829572,0.0,0.431498472187,9.16316201621,0.0
3,0.441718889948,8.99842843523,0.0,0.431498470912,9.16316200775,0.0
4,0.441718890097,8.99842833371,0.0,0.431498470912,9.16316192289,0.0
