epoch,acc,loss,precision,val_acc,val_loss,val_precision
0,0.371211449851,-13.28520356,0.376945232181,0.315555841458,-13.8295888855,0.321641791029
