epoch,acc,loss,precision,val_acc,val_loss,val_precision
0,0.559042077205,7.02992084071,0.559042077024,0.567431193827,6.89617832341,0.567431192551
1,0.559042076981,7.02992082492,0.559042076981,0.567431192551,6.89617828783,0.567431192551
2,0.559042077077,7.02992083559,0.559042077077,0.567431193827,6.89617838962,0.567431192551
3,0.559042077077,7.02992085198,0.559042077077,0.567431192551,6.89617827763,0.567431192551
4,0.559042077035,7.02992086206,0.559042077035,0.567431192551,6.89617835229,0.567431192551
5,0.559042077216,7.02992085659,0.559042077035,0.567431193827,6.89617833362,0.567431192551
