epoch;loss;val_loss
0;7708.38352539;inf
1;7708.38360352;inf
2;7708.33591553;1.32837329681e+17
3;7708.38354492;8.39225128984e+31
4;7708.38358887;2014134448.94
