epoch,acc,loss,precision,val_acc,val_loss,val_precision
0,0.433702587748,-11.4819397394,0.399132130751,0.315555841722,-10.9526976825,0.320934122417
