epoch,acc,loss,precision,val_acc,val_loss,val_precision
0,0.521028176153,-3.56894347656,0.51501274218,0.458077138055,-4.09222235057,0.460754460527
