epoch,acc,loss,precision,val_acc,val_loss,val_precision
0,0.271328134257,-8.3303543221,0.253160762222,0.210370561022,-11.8795251706,0.216389317825
1,0.248006026296,-9.89252753947,0.252894535708,0.210370561022,-11.8795251714,0.216389317825
