epoch,acc,loss,precision,val_acc,val_loss,val_precision
0,0.445453739825,-12.6134023806,0.450731123713,0.378667009791,-15.7772590556,0.384984559971
1,0.445453739794,-12.6134023186,0.450731123719,0.378667009791,-15.7772591534,0.384984559971
2,0.445453739787,-12.6134023264,0.450731123715,0.378667009791,-15.7772591475,0.384984559971
