epoch,acc,loss,precision,val_acc,val_loss,val_precision
0,0.672604732647,-7.5203668891,0.624873317954,0.793296999886,-6.45039843713,0.730721320401
1,0.677496214509,-8.36774886131,0.628795326227,0.783957518,-6.52448084493,0.71512221315
2,0.708151480047,-8.41506752034,0.656952295901,0.791713247458,-6.48639751916,0.727586458377
3,0.694575576749,-8.46047297767,0.644105721048,0.790618594952,-6.56462447861,0.725752157785
