epoch,dice_coef,loss,val_dice_coef,val_loss
0,0.11068035759355711,0.9446598265482031,2.0948413128446024e-05,0.999989516807325
