epoch,dice_coef,loss,val_dice_coef,val_loss
0,0.13354997412494507,0.6852013971579909,0.0776834258188804,0.8366140813538523
