epoch,acc,loss,precision,val_acc,val_loss,val_precision
0,0.445543136454,-5.87145323735,0.444882267996,0.393236521332,-8.03001513451,0.39759123955
