epoch,dice_coef,loss,val_dice_coef,val_loss
0,0.1372573372124808,0.6776733110634551,0.07835164022716609,0.8362799738392686
