epoch,acc,loss,precision,val_acc,val_loss,val_precision
0,0.504943439941,-6.20114895907,0.506917089366,0.45695919537,-2.67049990816,0.460196571675
1,0.498166622134,-6.22883835056,0.500757829034,0.457634619001,-2.69555526173,0.46037568773
2,0.498849499718,-6.22983391659,0.501092194739,0.456959195114,-2.66574111317,0.460196571675
