epoch,dice_coef,loss,val_dice_coef,val_loss
0,0.2149364939981917,0.5961578246637277,0.015009420659715453,0.8365893329565341
