epoch,acc,loss,precision,val_acc,val_loss,val_precision
0,0.662784656015,-3.89818068053,0.636663289165,0.619363704118,-3.25261218765,0.518321178102
1,0.619852439085,-5.86200770045,0.588562721763,0.619596608651,-3.26020503031,0.518541468873
2,0.654040853936,-3.68459578843,0.628334987661,0.623998509409,-3.34459000725,0.521571727167
