epoch,dice_coef,loss,val_dice_coef,val_loss
0,0.12711984178294305,2.787874885227369,0.0831505450857521,2.488277113798893
