epoch,acc,loss,precision,val_acc,val_loss,val_precision
0,0.471068604363,8.02153930902,0.146597973832,0.765462081151,3.53199237496,0.721974769749
1,0.518352576254,7.28963050588,0.224354848972,0.423126740434,9.08666688915,0.0
2,0.422386888008,8.85882407292,0.0,0.423126740434,9.08521359888,0.0
3,0.422386888008,8.85802838053,0.00245083931187,0.423094359112,9.08336458928,0.00828961854802
