epoch,dice_coef,loss,val_dice_coef,val_loss
0,0.12036099058130513,3.7497864702473516,0.07925019138069316,3.8555005246942695
