epoch;loss;val_loss
0;8125.640625;7990.81135502
