epoch,dice_coef,loss,val_dice_coef,val_loss
0,0.13712406676748526,0.6456423816473588,0.1396597944990252,0.7788837190830347
