epoch,dice_coef,loss,val_dice_coef,val_loss
0,0.10744968641191359,-0.10744968675554688,0.1259786744022726,-0.12597867538424423
