epoch,acc,loss,precision,val_acc,val_loss,val_precision
0,0.485514888249,-14.1361440242,0.429501691457,0.315555841722,-8.84154268344,0.321873391665
