epoch,dice_coef,loss,val_dice_coef,val_loss
0,0.1261647142793821,977.4581604003906,0.07267513974555627,1237.1087556896787
1,0.09824667806210725,439.65390843930453,0.05499405657279898,1227.971463810314
