epoch,acc,loss,precision,val_acc,val_loss,val_precision
0,0.247474299889,-12.6995852903,0.253549273303,0.210370560988,-11.7865349519,0.216366443633
1,0.247474299898,-12.6995853887,0.253549273312,0.210370560988,-11.7865349425,0.216366443633
2,0.247474299889,-12.6995853674,0.253549273305,0.210370560988,-11.7865350053,0.216366443633
