epoch,acc,loss,precision,val_acc,val_loss,val_precision
0,0.453772721332,-1.46451465535,0.418268152636,0.371971334319,-0.371922756559,0.37434118227
1,0.416479427463,-2.17181882872,0.406123285222,0.371971334319,-0.393679195634,0.37434118227
