epoch,dice_coef,loss,val_dice_coef,val_loss
0,0.12616453611332437,977.457615064538,0.0726752653365221,1237.6192678971724
