epoch,acc,loss,precision,val_acc,val_loss,val_precision
0,0.627549657064,-1.25986367041,0.616939598598,0.610792807922,-3.63112137476,0.51087264793
1,0.607931771603,-4.91043740662,0.572553027321,0.610792807667,-3.63334478531,0.51087264793
