epoch,dice_coef,loss,val_dice_coef,val_loss
0,0.2944904058995852,1744007.9005346608,0.21350577275413984,2872361.5045871558
