epoch,acc,loss,precision,val_acc,val_loss,val_precision
0,0.763898026316,0.0602817193458,0.740826696471,0.774540681601,0.0563648295997,0.774540683134
