epoch,acc,loss,precision,val_acc,val_loss,val_precision
0,0.376280574277,-8.31224389955,0.374432127303,0.315555841461,-11.0406043995,0.321693257855
1,0.371207018783,-10.9755222369,0.376636796161,0.315555841461,-12.3700096694,0.321693257855
2,0.371220311976,-11.5948819629,0.376642078687,0.315568708162,-13.737598215,0.321695932119
