epoch,acc,loss,precision,val_acc,val_loss,val_precision
0,0.47337921936,-14.605913881,0.394088165002,0.282338308458,-7.42510590701,0.286339635747
1,0.428743747327,-15.15642183,0.369372935098,0.285412020358,-7.31447405746,0.286564905184
2,0.427803379449,-15.2287000047,0.368989835151,0.285254760679,-7.5917463696,0.286622219339
3,0.422747055836,-15.2994386043,0.366718115898,0.289372104994,-7.08297434945,0.28690074425
4,0.423687423712,-15.3034156619,0.367148994879,0.286126837079,-7.34155852755,0.286703265497
5,0.409173264028,-15.3983706452,0.361296129048,0.607951621266,-6.82146492704,0.344655846216
