epoch,acc,loss,precision,val_acc,val_loss,val_precision
0,0.576265623723,6.75533642382,0.576265623723,0.576039640878,6.75893891506,0.57603964063
