epoch,acc,loss,precision,val_acc,val_loss,val_precision
0,0.84124665714,-0.295018820567,62319.2815005,0.750671316748,0.656770195304,0.174588150125
1,0.82919322699,-2.21593851133,0.37471972497,0.803696977137,0.150646567872,0.206902297339
2,0.835995451276,-2.4589906113,0.384465387738,0.754493086321,0.0243501967418,0.177061126566
3,0.856054362155,-2.67757390657,0.42238291548,0.739573700074,0.0915955858901,0.16866659756
4,0.852959280551,-2.78959972233,0.417515249285,0.800922573064,0.0347904340196,0.203194720362
5,0.867304462136,-2.78580887858,0.443405610822,0.808020145182,-0.0200101462742,0.209875369471
6,0.864623217287,-2.786902199,0.437694227116,0.785345797824,0.0630119480523,0.191026564631
7,0.862015002454,-2.88305473556,0.434912312234,0.80336271158,0.0896175465829,0.204847336076
