epoch,dice_coef,loss,val_dice_coef,val_loss
0,0.3014818005549521,1615433.5221238937,0.019465066204189297,2877026.401376147
