epoch,acc,loss,precision,val_acc,val_loss,val_precision
0,0.927712514546,1.12454696166,0.927056810566,0.93322148877,1.07634249403,0.93322148877
1,0.932343181505,1.09049913725,0.932343181505,0.93322148877,1.07634250461,0.93322148877
2,0.932343181509,1.09049913907,0.932343181509,0.93322148877,1.0763425124,0.93322148877
3,0.9323431815,1.0904991379,0.9323431815,0.93322148877,1.07634249626,0.93322148877
4,0.932343181509,1.0904991433,0.932343181509,0.93322148877,1.07634250516,0.93322148877
