epoch,acc,loss,precision,val_acc,val_loss,val_precision
0,0.263430521083,-9.4393459795,0.253213598789,0.210370560992,-12.1003777159,0.216443643854
