epoch,dice_coef,loss,val_dice_coef,val_loss
0,0.12106188807798468,0.64981275278589,0.2151142517386964,0.7411565274903269
