epoch,acc,loss,precision,val_acc,val_loss,val_precision
0,0.562578334612,6.97354443729,0.562578334612,0.569113150212,6.86936381366,0.569113150212
1,0.562578334889,6.97354452966,0.562578334889,0.569113150212,6.86936385945,0.569113150212
2,0.562578334996,6.97354445376,0.562578334996,0.569113150212,6.86936387987,0.569113150212
3,0.562578334836,6.97354448074,0.562578334836,0.569113150212,6.86936389678,0.569113150212
4,0.562578334943,6.97354443361,0.562578334943,0.569113150212,6.8693639172,0.569113150212
5,0.562578335316,6.97354445735,0.562578334452,0.569113150212,6.86936385945,0.569113150212
6,0.562578334292,6.97354445556,0.562578335156,0.569113150212,6.86936389678,0.569113150212
7,0.562578335103,6.97354444232,0.562578335103,0.569113150212,6.86936381366,0.569113150212
8,0.562578334783,6.97354443182,0.562578334783,0.569113150212,6.86936381366,0.569113150212
