epoch,acc,loss,precision,val_acc,val_loss,val_precision
0,0.426387015021,8.53832340997,0.0580442738877,0.423182092058,8.31915451662,0.094915871338
1,0.421494473721,8.63227633609,0.11164260293,0.422486907395,8.29573246926,0.0939271672914
2,0.453902449043,8.06569738023,0.184842769757,0.654307827658,4.54987363414,0.648302515772
3,0.71683224992,3.84237853879,0.699907871365,0.662325624461,4.40562244678,0.658195015409
4,0.602450359152,5.69544816893,0.447357040487,0.423552857249,8.31762346196,0.0355934517517
