epoch,acc,loss,precision,val_acc,val_loss,val_precision
0,0.527075383111,-0.907195142589,0.533220142547,0.495961779092,-2.90918901183,0.498653926364
1,0.530546738477,-1.98491367084,0.533320916238,0.495961779092,-1.98484288297,0.498653926364
2,0.530255477502,-1.9255816795,0.533241830908,0.495961779092,-2.90750477663,0.498653926364
