epoch,acc,loss,precision,val_acc,val_loss,val_precision
0,0.564189793718,6.94785394592,0.564189793718,0.552293575357,7.13750798287,0.552293578966
1,0.564189793995,6.94785393704,0.564189793995,0.552293575357,7.1375080202,0.552293578966
2,0.564189794796,6.947853946,0.564189793931,0.552293575357,7.13750798287,0.552293578966
3,0.564189793558,6.94785394412,0.564189794422,0.552293575357,7.13750805753,0.552293578966
4,0.564189794102,6.94785395147,0.564189794102,0.552293575357,7.13750805753,0.552293578966
5,0.564189794155,6.94785391296,0.564189794155,0.552293578966,7.13750797441,0.552293578966
6,0.564189794315,6.94785392167,0.564189794315,0.552293575357,7.13750797441,0.552293578966
7,0.564189794422,6.94785392227,0.564189794422,0.552293575357,7.13750794554,0.552293578966
