epoch,dice_coef,loss,val_dice_coef,val_loss
0,0.21371799369660485,2012610.114824496,0.10528151865582913,601035.1460336539
