epoch,acc,loss,precision,val_acc,val_loss,val_precision
0,0.982611668186,0.278882004902,0.981473282136,0.986210131332,0.222266544007,0.986210131332
1,0.9828243695,0.276838583817,0.9828243695,0.986210131332,0.222266544294,0.986210131332
2,0.982824369493,0.276838582477,0.982824369493,0.986210131332,0.222266544437,0.986210131332
