epoch,acc,loss,precision,val_acc,val_loss,val_precision
0,0.55599820966,7.0784473572,0.555998209479,0.567278288118,6.89861598817,0.56727828748
1,0.555998209495,7.07844731016,0.555998209495,0.567278288756,6.89861598817,0.56727828748
2,0.55599820966,7.07844733534,0.555998209479,0.567278288756,6.89861598817,0.56727828748
3,0.55599820966,7.07844736267,0.555998209479,0.567278288756,6.89861595084,0.56727828748
