epoch,acc,loss,precision,val_acc,val_loss,val_precision
0,0.496696950808,16.83622674,133013.055904,0.539430780786,14.1012092254,4114030.18446
