epoch,acc,loss,precision,val_acc,val_loss,val_precision
0,0.575715674259,6.76410392179,0.575715674327,0.576174590024,6.75678765516,0.576174590024
1,0.575715674331,6.76410390915,0.575715674331,0.576174590024,6.75678759295,0.576174590024
